label,ruta_npy,num_frames
j,/home/dracdarktime/Documents/Maestria/Semestre_II/Aprendizaje_Maquina/Manos/LSM/Dataset/sequences/j/j_20260525_173223_786.npy,120
j,/home/dracdarktime/Documents/Maestria/Semestre_II/Aprendizaje_Maquina/Manos/LSM/Dataset/sequences/j/j_20260525_173234_678.npy,120
j,/home/dracdarktime/Documents/Maestria/Semestre_II/Aprendizaje_Maquina/Manos/LSM/Dataset/sequences/j/j_20260525_173245_502.npy,120
j,/home/dracdarktime/Documents/Maestria/Semestre_II/Aprendizaje_Maquina/Manos/LSM/Dataset/sequences/j/j_20260525_173256_447.npy,120
j,/home/dracdarktime/Documents/Maestria/Semestre_II/Aprendizaje_Maquina/Manos/LSM/Dataset/sequences/j/j_20260525_173307_341.npy,120
j,/home/dracdarktime/Documents/Maestria/Semestre_II/Aprendizaje_Maquina/Manos/LSM/Dataset/sequences/j/j_20260525_173318_288.npy,120
j,/home/dracdarktime/Documents/Maestria/Semestre_II/Aprendizaje_Maquina/Manos/LSM/Dataset/sequences/j/j_20260525_173329_235.npy,120
j,/home/dracdarktime/Documents/Maestria/Semestre_II/Aprendizaje_Maquina/Manos/LSM/Dataset/sequences/j/j_20260525_173340_119.npy,120
j,/home/dracdarktime/Documents/Maestria/Semestre_II/Aprendizaje_Maquina/Manos/LSM/Dataset/sequences/j/j_20260525_173351_077.npy,120
j,/home/dracdarktime/Documents/Maestria/Semestre_II/Aprendizaje_Maquina/Manos/LSM/Dataset/sequences/j/j_20260525_173402_067.npy,120
j,/home/dracdarktime/Documents/Maestria/Semestre_II/Aprendizaje_Maquina/Manos/LSM/Dataset/sequences/j/j_20260525_173413_118.npy,120
j,/home/dracdarktime/Documents/Maestria/Semestre_II/Aprendizaje_Maquina/Manos/LSM/Dataset/sequences/j/j_20260525_173424_135.npy,120
j,/home/dracdarktime/Documents/Maestria/Semestre_II/Aprendizaje_Maquina/Manos/LSM/Dataset/sequences/j/j_20260525_173435_186.npy,120
j,/home/dracdarktime/Documents/Maestria/Semestre_II/Aprendizaje_Maquina/Manos/LSM/Dataset/sequences/j/j_20260525_173806_405.npy,120
j,/home/dracdarktime/Documents/Maestria/Semestre_II/Aprendizaje_Maquina/Manos/LSM/Dataset/sequences/j/j_20260525_173817_335.npy,120
j,/home/dracdarktime/Documents/Maestria/Semestre_II/Aprendizaje_Maquina/Manos/LSM/Dataset/sequences/j/j_20260525_173828_439.npy,120
j,/home/dracdarktime/Documents/Maestria/Semestre_II/Aprendizaje_Maquina/Manos/LSM/Dataset/sequences/j/j_20260525_173839_651.npy,120
j,/home/dracdarktime/Documents/Maestria/Semestre_II/Aprendizaje_Maquina/Manos/LSM/Dataset/sequences/j/j_20260525_173850_668.npy,120
j,/home/dracdarktime/Documents/Maestria/Semestre_II/Aprendizaje_Maquina/Manos/LSM/Dataset/sequences/j/j_20260525_173901_735.npy,120
j,/home/dracdarktime/Documents/Maestria/Semestre_II/Aprendizaje_Maquina/Manos/LSM/Dataset/sequences/j/j_20260525_173912_710.npy,120
k,/home/dracdarktime/Documents/Maestria/Semestre_II/Aprendizaje_Maquina/Manos/LSM/Dataset/sequences/k/k_20260525_174248_805.npy,120
k,/home/dracdarktime/Documents/Maestria/Semestre_II/Aprendizaje_Maquina/Manos/LSM/Dataset/sequences/k/k_20260525_174259_908.npy,120
k,/home/dracdarktime/Documents/Maestria/Semestre_II/Aprendizaje_Maquina/Manos/LSM/Dataset/sequences/k/k_20260525_174311_074.npy,120
k,/home/dracdarktime/Documents/Maestria/Semestre_II/Aprendizaje_Maquina/Manos/LSM/Dataset/sequences/k/k_20260525_174322_112.npy,120
k,/home/dracdarktime/Documents/Maestria/Semestre_II/Aprendizaje_Maquina/Manos/LSM/Dataset/sequences/k/k_20260525_174333_168.npy,120
k,/home/dracdarktime/Documents/Maestria/Semestre_II/Aprendizaje_Maquina/Manos/LSM/Dataset/sequences/k/k_20260525_174344_389.npy,120
k,/home/dracdarktime/Documents/Maestria/Semestre_II/Aprendizaje_Maquina/Manos/LSM/Dataset/sequences/k/k_20260525_174355_620.npy,120
k,/home/dracdarktime/Documents/Maestria/Semestre_II/Aprendizaje_Maquina/Manos/LSM/Dataset/sequences/k/k_20260525_174406_926.npy,120
k,/home/dracdarktime/Documents/Maestria/Semestre_II/Aprendizaje_Maquina/Manos/LSM/Dataset/sequences/k/k_20260525_174418_182.npy,120
k,/home/dracdarktime/Documents/Maestria/Semestre_II/Aprendizaje_Maquina/Manos/LSM/Dataset/sequences/k/k_20260525_174429_520.npy,120
k,/home/dracdarktime/Documents/Maestria/Semestre_II/Aprendizaje_Maquina/Manos/LSM/Dataset/sequences/k/k_20260525_174440_754.npy,120
k,/home/dracdarktime/Documents/Maestria/Semestre_II/Aprendizaje_Maquina/Manos/LSM/Dataset/sequences/k/k_20260525_174452_091.npy,120
k,/home/dracdarktime/Documents/Maestria/Semestre_II/Aprendizaje_Maquina/Manos/LSM/Dataset/sequences/k/k_20260525_174503_459.npy,120
k,/home/dracdarktime/Documents/Maestria/Semestre_II/Aprendizaje_Maquina/Manos/LSM/Dataset/sequences/k/k_20260525_174514_607.npy,120
k,/home/dracdarktime/Documents/Maestria/Semestre_II/Aprendizaje_Maquina/Manos/LSM/Dataset/sequences/k/k_20260525_174525_951.npy,120
k,/home/dracdarktime/Documents/Maestria/Semestre_II/Aprendizaje_Maquina/Manos/LSM/Dataset/sequences/k/k_20260525_174537_260.npy,120
k,/home/dracdarktime/Documents/Maestria/Semestre_II/Aprendizaje_Maquina/Manos/LSM/Dataset/sequences/k/k_20260525_174548_470.npy,120
k,/home/dracdarktime/Documents/Maestria/Semestre_II/Aprendizaje_Maquina/Manos/LSM/Dataset/sequences/k/k_20260525_174559_647.npy,120
k,/home/dracdarktime/Documents/Maestria/Semestre_II/Aprendizaje_Maquina/Manos/LSM/Dataset/sequences/k/k_20260525_174610_957.npy,120
k,/home/dracdarktime/Documents/Maestria/Semestre_II/Aprendizaje_Maquina/Manos/LSM/Dataset/sequences/k/k_20260525_174622_403.npy,120
l,/home/dracdarktime/Documents/Maestria/Semestre_II/Aprendizaje_Maquina/Manos/LSM/Dataset/sequences/l/l_20260525_174737_537.npy,120
l,/home/dracdarktime/Documents/Maestria/Semestre_II/Aprendizaje_Maquina/Manos/LSM/Dataset/sequences/l/l_20260525_174748_533.npy,120
l,/home/dracdarktime/Documents/Maestria/Semestre_II/Aprendizaje_Maquina/Manos/LSM/Dataset/sequences/l/l_20260525_174759_577.npy,120
l,/home/dracdarktime/Documents/Maestria/Semestre_II/Aprendizaje_Maquina/Manos/LSM/Dataset/sequences/l/l_20260525_174810_658.npy,120
l,/home/dracdarktime/Documents/Maestria/Semestre_II/Aprendizaje_Maquina/Manos/LSM/Dataset/sequences/l/l_20260525_174821_801.npy,120
l,/home/dracdarktime/Documents/Maestria/Semestre_II/Aprendizaje_Maquina/Manos/LSM/Dataset/sequences/l/l_20260525_174832_866.npy,120
l,/home/dracdarktime/Documents/Maestria/Semestre_II/Aprendizaje_Maquina/Manos/LSM/Dataset/sequences/l/l_20260525_174843_996.npy,120
l,/home/dracdarktime/Documents/Maestria/Semestre_II/Aprendizaje_Maquina/Manos/LSM/Dataset/sequences/l/l_20260525_174855_300.npy,120
l,/home/dracdarktime/Documents/Maestria/Semestre_II/Aprendizaje_Maquina/Manos/LSM/Dataset/sequences/l/l_20260525_174906_501.npy,120
l,/home/dracdarktime/Documents/Maestria/Semestre_II/Aprendizaje_Maquina/Manos/LSM/Dataset/sequences/l/l_20260525_174917_718.npy,120
l,/home/dracdarktime/Documents/Maestria/Semestre_II/Aprendizaje_Maquina/Manos/LSM/Dataset/sequences/l/l_20260525_174928_867.npy,120
l,/home/dracdarktime/Documents/Maestria/Semestre_II/Aprendizaje_Maquina/Manos/LSM/Dataset/sequences/l/l_20260525_174940_146.npy,120
l,/home/dracdarktime/Documents/Maestria/Semestre_II/Aprendizaje_Maquina/Manos/LSM/Dataset/sequences/l/l_20260525_174951_411.npy,120
l,/home/dracdarktime/Documents/Maestria/Semestre_II/Aprendizaje_Maquina/Manos/LSM/Dataset/sequences/l/l_20260525_175002_758.npy,120
l,/home/dracdarktime/Documents/Maestria/Semestre_II/Aprendizaje_Maquina/Manos/LSM/Dataset/sequences/l/l_20260525_175013_940.npy,120
l,/home/dracdarktime/Documents/Maestria/Semestre_II/Aprendizaje_Maquina/Manos/LSM/Dataset/sequences/l/l_20260525_175025_029.npy,120
l,/home/dracdarktime/Documents/Maestria/Semestre_II/Aprendizaje_Maquina/Manos/LSM/Dataset/sequences/l/l_20260525_175036_266.npy,120
l,/home/dracdarktime/Documents/Maestria/Semestre_II/Aprendizaje_Maquina/Manos/LSM/Dataset/sequences/l/l_20260525_175047_545.npy,120
l,/home/dracdarktime/Documents/Maestria/Semestre_II/Aprendizaje_Maquina/Manos/LSM/Dataset/sequences/l/l_20260525_175058_739.npy,120
l,/home/dracdarktime/Documents/Maestria/Semestre_II/Aprendizaje_Maquina/Manos/LSM/Dataset/sequences/l/l_20260525_175109_952.npy,120
q,/home/dracdarktime/Documents/Maestria/Semestre_II/Aprendizaje_Maquina/Manos/LSM/Dataset/sequences/q/q_20260525_175218_554.npy,120
q,/home/dracdarktime/Documents/Maestria/Semestre_II/Aprendizaje_Maquina/Manos/LSM/Dataset/sequences/q/q_20260525_175229_857.npy,120
q,/home/dracdarktime/Documents/Maestria/Semestre_II/Aprendizaje_Maquina/Manos/LSM/Dataset/sequences/q/q_20260525_175240_872.npy,120
q,/home/dracdarktime/Documents/Maestria/Semestre_II/Aprendizaje_Maquina/Manos/LSM/Dataset/sequences/q/q_20260525_175252_048.npy,120
q,/home/dracdarktime/Documents/Maestria/Semestre_II/Aprendizaje_Maquina/Manos/LSM/Dataset/sequences/q/q_20260525_175303_398.npy,120
q,/home/dracdarktime/Documents/Maestria/Semestre_II/Aprendizaje_Maquina/Manos/LSM/Dataset/sequences/q/q_20260525_175314_630.npy,120
q,/home/dracdarktime/Documents/Maestria/Semestre_II/Aprendizaje_Maquina/Manos/LSM/Dataset/sequences/q/q_20260525_175326_082.npy,120
q,/home/dracdarktime/Documents/Maestria/Semestre_II/Aprendizaje_Maquina/Manos/LSM/Dataset/sequences/q/q_20260525_175337_204.npy,120
q,/home/dracdarktime/Documents/Maestria/Semestre_II/Aprendizaje_Maquina/Manos/LSM/Dataset/sequences/q/q_20260525_175348_587.npy,120
q,/home/dracdarktime/Documents/Maestria/Semestre_II/Aprendizaje_Maquina/Manos/LSM/Dataset/sequences/q/q_20260525_175359_895.npy,120
q,/home/dracdarktime/Documents/Maestria/Semestre_II/Aprendizaje_Maquina/Manos/LSM/Dataset/sequences/q/q_20260525_175411_174.npy,120
q,/home/dracdarktime/Documents/Maestria/Semestre_II/Aprendizaje_Maquina/Manos/LSM/Dataset/sequences/q/q_20260525_175422_302.npy,120
q,/home/dracdarktime/Documents/Maestria/Semestre_II/Aprendizaje_Maquina/Manos/LSM/Dataset/sequences/q/q_20260525_175433_598.npy,120
q,/home/dracdarktime/Documents/Maestria/Semestre_II/Aprendizaje_Maquina/Manos/LSM/Dataset/sequences/q/q_20260525_175445_069.npy,120
q,/home/dracdarktime/Documents/Maestria/Semestre_II/Aprendizaje_Maquina/Manos/LSM/Dataset/sequences/q/q_20260525_175456_330.npy,120
q,/home/dracdarktime/Documents/Maestria/Semestre_II/Aprendizaje_Maquina/Manos/LSM/Dataset/sequences/q/q_20260525_175507_574.npy,120
q,/home/dracdarktime/Documents/Maestria/Semestre_II/Aprendizaje_Maquina/Manos/LSM/Dataset/sequences/q/q_20260525_175518_887.npy,120
q,/home/dracdarktime/Documents/Maestria/Semestre_II/Aprendizaje_Maquina/Manos/LSM/Dataset/sequences/q/q_20260525_175530_164.npy,120
q,/home/dracdarktime/Documents/Maestria/Semestre_II/Aprendizaje_Maquina/Manos/LSM/Dataset/sequences/q/q_20260525_175541_452.npy,120
q,/home/dracdarktime/Documents/Maestria/Semestre_II/Aprendizaje_Maquina/Manos/LSM/Dataset/sequences/q/q_20260525_175552_698.npy,120
x,/home/dracdarktime/Documents/Maestria/Semestre_II/Aprendizaje_Maquina/Manos/LSM/Dataset/sequences/x/x_20260525_190247_737.npy,120
x,/home/dracdarktime/Documents/Maestria/Semestre_II/Aprendizaje_Maquina/Manos/LSM/Dataset/sequences/x/x_20260525_190258_060.npy,120
x,/home/dracdarktime/Documents/Maestria/Semestre_II/Aprendizaje_Maquina/Manos/LSM/Dataset/sequences/x/x_20260525_190308_278.npy,120
x,/home/dracdarktime/Documents/Maestria/Semestre_II/Aprendizaje_Maquina/Manos/LSM/Dataset/sequences/x/x_20260525_190318_764.npy,120
x,/home/dracdarktime/Documents/Maestria/Semestre_II/Aprendizaje_Maquina/Manos/LSM/Dataset/sequences/x/x_20260525_190329_183.npy,120
x,/home/dracdarktime/Documents/Maestria/Semestre_II/Aprendizaje_Maquina/Manos/LSM/Dataset/sequences/x/x_20260525_190339_590.npy,120
x,/home/dracdarktime/Documents/Maestria/Semestre_II/Aprendizaje_Maquina/Manos/LSM/Dataset/sequences/x/x_20260525_190349_910.npy,120
x,/home/dracdarktime/Documents/Maestria/Semestre_II/Aprendizaje_Maquina/Manos/LSM/Dataset/sequences/x/x_20260525_190400_374.npy,120
x,/home/dracdarktime/Documents/Maestria/Semestre_II/Aprendizaje_Maquina/Manos/LSM/Dataset/sequences/x/x_20260525_190410_858.npy,120
x,/home/dracdarktime/Documents/Maestria/Semestre_II/Aprendizaje_Maquina/Manos/LSM/Dataset/sequences/x/x_20260525_190421_409.npy,120
x,/home/dracdarktime/Documents/Maestria/Semestre_II/Aprendizaje_Maquina/Manos/LSM/Dataset/sequences/x/x_20260525_190431_830.npy,120
x,/home/dracdarktime/Documents/Maestria/Semestre_II/Aprendizaje_Maquina/Manos/LSM/Dataset/sequences/x/x_20260525_190442_218.npy,120
x,/home/dracdarktime/Documents/Maestria/Semestre_II/Aprendizaje_Maquina/Manos/LSM/Dataset/sequences/x/x_20260525_190452_600.npy,120
x,/home/dracdarktime/Documents/Maestria/Semestre_II/Aprendizaje_Maquina/Manos/LSM/Dataset/sequences/x/x_20260525_190502_952.npy,120
x,/home/dracdarktime/Documents/Maestria/Semestre_II/Aprendizaje_Maquina/Manos/LSM/Dataset/sequences/x/x_20260525_190513_302.npy,120
x,/home/dracdarktime/Documents/Maestria/Semestre_II/Aprendizaje_Maquina/Manos/LSM/Dataset/sequences/x/x_20260525_190523_596.npy,120
x,/home/dracdarktime/Documents/Maestria/Semestre_II/Aprendizaje_Maquina/Manos/LSM/Dataset/sequences/x/x_20260525_190534_059.npy,120
x,/home/dracdarktime/Documents/Maestria/Semestre_II/Aprendizaje_Maquina/Manos/LSM/Dataset/sequences/x/x_20260525_190544_499.npy,120
x,/home/dracdarktime/Documents/Maestria/Semestre_II/Aprendizaje_Maquina/Manos/LSM/Dataset/sequences/x/x_20260525_190554_852.npy,120
x,/home/dracdarktime/Documents/Maestria/Semestre_II/Aprendizaje_Maquina/Manos/LSM/Dataset/sequences/x/x_20260525_190605_205.npy,120
z,/home/dracdarktime/Documents/Maestria/Semestre_II/Aprendizaje_Maquina/Manos/LSM/Dataset/sequences/z/z_20260525_190943_085.npy,120
z,/home/dracdarktime/Documents/Maestria/Semestre_II/Aprendizaje_Maquina/Manos/LSM/Dataset/sequences/z/z_20260525_190954_322.npy,120
z,/home/dracdarktime/Documents/Maestria/Semestre_II/Aprendizaje_Maquina/Manos/LSM/Dataset/sequences/z/z_20260525_191005_363.npy,120
z,/home/dracdarktime/Documents/Maestria/Semestre_II/Aprendizaje_Maquina/Manos/LSM/Dataset/sequences/z/z_20260525_191016_326.npy,120
z,/home/dracdarktime/Documents/Maestria/Semestre_II/Aprendizaje_Maquina/Manos/LSM/Dataset/sequences/z/z_20260525_191027_380.npy,120
z,/home/dracdarktime/Documents/Maestria/Semestre_II/Aprendizaje_Maquina/Manos/LSM/Dataset/sequences/z/z_20260525_191038_376.npy,120
z,/home/dracdarktime/Documents/Maestria/Semestre_II/Aprendizaje_Maquina/Manos/LSM/Dataset/sequences/z/z_20260525_191049_491.npy,120
z,/home/dracdarktime/Documents/Maestria/Semestre_II/Aprendizaje_Maquina/Manos/LSM/Dataset/sequences/z/z_20260525_191100_718.npy,120
z,/home/dracdarktime/Documents/Maestria/Semestre_II/Aprendizaje_Maquina/Manos/LSM/Dataset/sequences/z/z_20260525_191111_965.npy,120
z,/home/dracdarktime/Documents/Maestria/Semestre_II/Aprendizaje_Maquina/Manos/LSM/Dataset/sequences/z/z_20260525_191122_826.npy,120
z,/home/dracdarktime/Documents/Maestria/Semestre_II/Aprendizaje_Maquina/Manos/LSM/Dataset/sequences/z/z_20260525_191133_970.npy,120
z,/home/dracdarktime/Documents/Maestria/Semestre_II/Aprendizaje_Maquina/Manos/LSM/Dataset/sequences/z/z_20260525_191145_120.npy,120
z,/home/dracdarktime/Documents/Maestria/Semestre_II/Aprendizaje_Maquina/Manos/LSM/Dataset/sequences/z/z_20260525_191156_408.npy,120
z,/home/dracdarktime/Documents/Maestria/Semestre_II/Aprendizaje_Maquina/Manos/LSM/Dataset/sequences/z/z_20260525_191207_547.npy,120
z,/home/dracdarktime/Documents/Maestria/Semestre_II/Aprendizaje_Maquina/Manos/LSM/Dataset/sequences/z/z_20260525_191218_683.npy,120
z,/home/dracdarktime/Documents/Maestria/Semestre_II/Aprendizaje_Maquina/Manos/LSM/Dataset/sequences/z/z_20260525_191229_831.npy,120
z,/home/dracdarktime/Documents/Maestria/Semestre_II/Aprendizaje_Maquina/Manos/LSM/Dataset/sequences/z/z_20260525_191241_066.npy,120
z,/home/dracdarktime/Documents/Maestria/Semestre_II/Aprendizaje_Maquina/Manos/LSM/Dataset/sequences/z/z_20260525_191252_186.npy,120
z,/home/dracdarktime/Documents/Maestria/Semestre_II/Aprendizaje_Maquina/Manos/LSM/Dataset/sequences/z/z_20260525_191303_249.npy,120
z,/home/dracdarktime/Documents/Maestria/Semestre_II/Aprendizaje_Maquina/Manos/LSM/Dataset/sequences/z/z_20260525_191314_334.npy,120
j,/home/marcos/GitHub/LSM/Dataset/sequences/j/j_20260526_005447_163.npy,120
j,/home/marcos/GitHub/LSM/Dataset/sequences/j/j_20260526_005501_611.npy,120
j,/home/marcos/GitHub/LSM/Dataset/sequences/j/j_20260526_005515_948.npy,120
j,/home/marcos/GitHub/LSM/Dataset/sequences/j/j_20260526_005530_377.npy,120
j,/home/marcos/GitHub/LSM/Dataset/sequences/j/j_20260526_005544_750.npy,120
j,/home/marcos/GitHub/LSM/Dataset/sequences/j/j_20260526_005559_113.npy,120
j,/home/marcos/GitHub/LSM/Dataset/sequences/j/j_20260526_005613_587.npy,120
j,/home/marcos/GitHub/LSM/Dataset/sequences/j/j_20260526_005628_140.npy,120
j,/home/marcos/GitHub/LSM/Dataset/sequences/j/j_20260526_005642_628.npy,120
j,/home/marcos/GitHub/LSM/Dataset/sequences/j/j_20260526_005657_113.npy,120
k,/home/marcos/GitHub/LSM/Dataset/sequences/k/k_20260526_005741_333.npy,120
k,/home/marcos/GitHub/LSM/Dataset/sequences/k/k_20260526_005756_256.npy,120
k,/home/marcos/GitHub/LSM/Dataset/sequences/k/k_20260526_005811_232.npy,120
k,/home/marcos/GitHub/LSM/Dataset/sequences/k/k_20260526_005826_325.npy,120
k,/home/marcos/GitHub/LSM/Dataset/sequences/k/k_20260526_005841_253.npy,120
k,/home/marcos/GitHub/LSM/Dataset/sequences/k/k_20260526_005856_253.npy,120
k,/home/marcos/GitHub/LSM/Dataset/sequences/k/k_20260526_005911_306.npy,120
k,/home/marcos/GitHub/LSM/Dataset/sequences/k/k_20260526_005926_265.npy,120
k,/home/marcos/GitHub/LSM/Dataset/sequences/k/k_20260526_005941_338.npy,120
k,/home/marcos/GitHub/LSM/Dataset/sequences/k/k_20260526_005956_407.npy,120
q,/home/marcos/GitHub/LSM/Dataset/sequences/q/q_20260526_010052_106.npy,120
q,/home/marcos/GitHub/LSM/Dataset/sequences/q/q_20260526_010106_803.npy,120
q,/home/marcos/GitHub/LSM/Dataset/sequences/q/q_20260526_010121_494.npy,120
q,/home/marcos/GitHub/LSM/Dataset/sequences/q/q_20260526_010135_971.npy,120
q,/home/marcos/GitHub/LSM/Dataset/sequences/q/q_20260526_010150_626.npy,120
q,/home/marcos/GitHub/LSM/Dataset/sequences/q/q_20260526_010205_241.npy,120
q,/home/marcos/GitHub/LSM/Dataset/sequences/q/q_20260526_010219_752.npy,120
q,/home/marcos/GitHub/LSM/Dataset/sequences/q/q_20260526_010234_351.npy,120
q,/home/marcos/GitHub/LSM/Dataset/sequences/q/q_20260526_010248_902.npy,120
q,/home/marcos/GitHub/LSM/Dataset/sequences/q/q_20260526_010303_449.npy,120
x,/home/marcos/GitHub/LSM/Dataset/sequences/x/x_20260526_010338_701.npy,120
x,/home/marcos/GitHub/LSM/Dataset/sequences/x/x_20260526_010353_269.npy,120
x,/home/marcos/GitHub/LSM/Dataset/sequences/x/x_20260526_010407_950.npy,120
x,/home/marcos/GitHub/LSM/Dataset/sequences/x/x_20260526_010422_775.npy,120
x,/home/marcos/GitHub/LSM/Dataset/sequences/x/x_20260526_010437_432.npy,120
x,/home/marcos/GitHub/LSM/Dataset/sequences/x/x_20260526_010451_965.npy,120
x,/home/marcos/GitHub/LSM/Dataset/sequences/x/x_20260526_010506_547.npy,120
x,/home/marcos/GitHub/LSM/Dataset/sequences/x/x_20260526_010521_264.npy,120
x,/home/marcos/GitHub/LSM/Dataset/sequences/x/x_20260526_010535_857.npy,120
x,/home/marcos/GitHub/LSM/Dataset/sequences/x/x_20260526_010550_461.npy,120
z,/home/marcos/GitHub/LSM/Dataset/sequences/z/z_20260526_010622_579.npy,120
z,/home/marcos/GitHub/LSM/Dataset/sequences/z/z_20260526_010637_317.npy,120
z,/home/marcos/GitHub/LSM/Dataset/sequences/z/z_20260526_010651_938.npy,120
z,/home/marcos/GitHub/LSM/Dataset/sequences/z/z_20260526_010706_525.npy,120
z,/home/marcos/GitHub/LSM/Dataset/sequences/z/z_20260526_010721_254.npy,120
z,/home/marcos/GitHub/LSM/Dataset/sequences/z/z_20260526_010735_879.npy,120
z,/home/marcos/GitHub/LSM/Dataset/sequences/z/z_20260526_010750_403.npy,120
z,/home/marcos/GitHub/LSM/Dataset/sequences/z/z_20260526_010804_953.npy,120
z,/home/marcos/GitHub/LSM/Dataset/sequences/z/z_20260526_010819_549.npy,120
z,/home/marcos/GitHub/LSM/Dataset/sequences/z/z_20260526_010834_221.npy,120
j,/home/dracdarktime/Documents/Maestria/Semestre_II/Aprendizaje_Maquina/Manos/LSM/Dataset/sequences/j/j_20260526_111054_115.npy,120
j,/home/dracdarktime/Documents/Maestria/Semestre_II/Aprendizaje_Maquina/Manos/LSM/Dataset/sequences/j/j_20260526_111104_777.npy,120
j,/home/dracdarktime/Documents/Maestria/Semestre_II/Aprendizaje_Maquina/Manos/LSM/Dataset/sequences/j/j_20260526_111115_341.npy,120
j,/home/dracdarktime/Documents/Maestria/Semestre_II/Aprendizaje_Maquina/Manos/LSM/Dataset/sequences/j/j_20260526_111126_038.npy,120
j,/home/dracdarktime/Documents/Maestria/Semestre_II/Aprendizaje_Maquina/Manos/LSM/Dataset/sequences/j/j_20260526_111136_547.npy,120
j,/home/dracdarktime/Documents/Maestria/Semestre_II/Aprendizaje_Maquina/Manos/LSM/Dataset/sequences/j/j_20260526_111147_058.npy,120
j,/home/dracdarktime/Documents/Maestria/Semestre_II/Aprendizaje_Maquina/Manos/LSM/Dataset/sequences/j/j_20260526_111351_119.npy,120
j,/home/dracdarktime/Documents/Maestria/Semestre_II/Aprendizaje_Maquina/Manos/LSM/Dataset/sequences/j/j_20260526_111402_977.npy,120
j,/home/dracdarktime/Documents/Maestria/Semestre_II/Aprendizaje_Maquina/Manos/LSM/Dataset/sequences/j/j_20260526_111414_534.npy,120
j,/home/dracdarktime/Documents/Maestria/Semestre_II/Aprendizaje_Maquina/Manos/LSM/Dataset/sequences/j/j_20260526_111426_329.npy,120
j,/home/dracdarktime/Documents/Maestria/Semestre_II/Aprendizaje_Maquina/Manos/LSM/Dataset/sequences/j/j_20260526_111438_364.npy,120
j,/home/dracdarktime/Documents/Maestria/Semestre_II/Aprendizaje_Maquina/Manos/LSM/Dataset/sequences/j/j_20260526_111449_823.npy,120
j,/home/dracdarktime/Documents/Maestria/Semestre_II/Aprendizaje_Maquina/Manos/LSM/Dataset/sequences/j/j_20260526_111501_030.npy,120
j,/home/dracdarktime/Documents/Maestria/Semestre_II/Aprendizaje_Maquina/Manos/LSM/Dataset/sequences/j/j_20260526_111553_591.npy,120
j,/home/dracdarktime/Documents/Maestria/Semestre_II/Aprendizaje_Maquina/Manos/LSM/Dataset/sequences/j/j_20260526_111604_032.npy,120
j,/home/dracdarktime/Documents/Maestria/Semestre_II/Aprendizaje_Maquina/Manos/LSM/Dataset/sequences/j/j_20260526_111615_395.npy,120
j,/home/dracdarktime/Documents/Maestria/Semestre_II/Aprendizaje_Maquina/Manos/LSM/Dataset/sequences/j/j_20260526_111626_697.npy,120
j,/home/dracdarktime/Documents/Maestria/Semestre_II/Aprendizaje_Maquina/Manos/LSM/Dataset/sequences/j/j_20260526_111707_835.npy,120
j,/home/dracdarktime/Documents/Maestria/Semestre_II/Aprendizaje_Maquina/Manos/LSM/Dataset/sequences/j/j_20260526_111719_058.npy,120
j,/home/dracdarktime/Documents/Maestria/Semestre_II/Aprendizaje_Maquina/Manos/LSM/Dataset/sequences/j/j_20260526_111731_003.npy,120
j,/home/dracdarktime/Documents/Maestria/Semestre_II/Aprendizaje_Maquina/Manos/LSM/Dataset/sequences/j/j_20260526_111742_826.npy,120
j,/home/dracdarktime/Documents/Maestria/Semestre_II/Aprendizaje_Maquina/Manos/LSM/Dataset/sequences/j/j_20260526_111754_484.npy,120
j,/home/dracdarktime/Documents/Maestria/Semestre_II/Aprendizaje_Maquina/Manos/LSM/Dataset/sequences/j/j_20260526_111805_795.npy,120
j,/home/dracdarktime/Documents/Maestria/Semestre_II/Aprendizaje_Maquina/Manos/LSM/Dataset/sequences/j/j_20260526_111817_503.npy,120
j,/home/dracdarktime/Documents/Maestria/Semestre_II/Aprendizaje_Maquina/Manos/LSM/Dataset/sequences/j/j_20260526_111928_997.npy,120
j,/home/dracdarktime/Documents/Maestria/Semestre_II/Aprendizaje_Maquina/Manos/LSM/Dataset/sequences/j/j_20260526_111940_269.npy,120
j,/home/dracdarktime/Documents/Maestria/Semestre_II/Aprendizaje_Maquina/Manos/LSM/Dataset/sequences/j/j_20260526_111951_924.npy,120
j,/home/dracdarktime/Documents/Maestria/Semestre_II/Aprendizaje_Maquina/Manos/LSM/Dataset/sequences/j/j_20260526_112003_363.npy,120
j,/home/dracdarktime/Documents/Maestria/Semestre_II/Aprendizaje_Maquina/Manos/LSM/Dataset/sequences/j/j_20260526_112014_786.npy,120
j,/home/dracdarktime/Documents/Maestria/Semestre_II/Aprendizaje_Maquina/Manos/LSM/Dataset/sequences/j/j_20260526_112026_022.npy,120
j,/home/dracdarktime/Documents/Maestria/Semestre_II/Aprendizaje_Maquina/Manos/LSM/Dataset/sequences/j/j_20260526_112037_426.npy,120
j,/home/dracdarktime/Documents/Maestria/Semestre_II/Aprendizaje_Maquina/Manos/LSM/Dataset/sequences/j/j_20260526_112048_939.npy,120
j,/home/dracdarktime/Documents/Maestria/Semestre_II/Aprendizaje_Maquina/Manos/LSM/Dataset/sequences/j/j_20260526_112100_387.npy,120
j,/home/dracdarktime/Documents/Maestria/Semestre_II/Aprendizaje_Maquina/Manos/LSM/Dataset/sequences/j/j_20260526_112112_051.npy,120
j,/home/dracdarktime/Documents/Maestria/Semestre_II/Aprendizaje_Maquina/Manos/LSM/Dataset/sequences/j/j_20260526_112123_520.npy,120
j,/home/dracdarktime/Documents/Maestria/Semestre_II/Aprendizaje_Maquina/Manos/LSM/Dataset/sequences/j/j_20260526_112135_026.npy,120
j,/home/dracdarktime/Documents/Maestria/Semestre_II/Aprendizaje_Maquina/Manos/LSM/Dataset/sequences/j/j_20260526_112146_769.npy,120
j,/home/dracdarktime/Documents/Maestria/Semestre_II/Aprendizaje_Maquina/Manos/LSM/Dataset/sequences/j/j_20260526_112158_477.npy,120
j,/home/dracdarktime/Documents/Maestria/Semestre_II/Aprendizaje_Maquina/Manos/LSM/Dataset/sequences/j/j_20260526_112209_616.npy,120
j,/home/dracdarktime/Documents/Maestria/Semestre_II/Aprendizaje_Maquina/Manos/LSM/Dataset/sequences/j/j_20260526_112221_206.npy,120
j,/home/dracdarktime/Documents/Maestria/Semestre_II/Aprendizaje_Maquina/Manos/LSM/Dataset/sequences/j/j_20260526_112232_773.npy,120
j,/home/dracdarktime/Documents/Maestria/Semestre_II/Aprendizaje_Maquina/Manos/LSM/Dataset/sequences/j/j_20260526_112244_691.npy,120
j,/home/dracdarktime/Documents/Maestria/Semestre_II/Aprendizaje_Maquina/Manos/LSM/Dataset/sequences/j/j_20260526_112256_262.npy,120
j,/home/dracdarktime/Documents/Maestria/Semestre_II/Aprendizaje_Maquina/Manos/LSM/Dataset/sequences/j/j_20260526_112308_052.npy,120
k,/home/dracdarktime/Documents/Maestria/Semestre_II/Aprendizaje_Maquina/Manos/LSM/Dataset/sequences/k/k_20260526_112436_317.npy,120
k,/home/dracdarktime/Documents/Maestria/Semestre_II/Aprendizaje_Maquina/Manos/LSM/Dataset/sequences/k/k_20260526_112447_972.npy,120
k,/home/dracdarktime/Documents/Maestria/Semestre_II/Aprendizaje_Maquina/Manos/LSM/Dataset/sequences/k/k_20260526_112459_226.npy,120
k,/home/dracdarktime/Documents/Maestria/Semestre_II/Aprendizaje_Maquina/Manos/LSM/Dataset/sequences/k/k_20260526_112510_833.npy,120
k,/home/dracdarktime/Documents/Maestria/Semestre_II/Aprendizaje_Maquina/Manos/LSM/Dataset/sequences/k/k_20260526_112522_373.npy,120
k,/home/dracdarktime/Documents/Maestria/Semestre_II/Aprendizaje_Maquina/Manos/LSM/Dataset/sequences/k/k_20260526_112533_563.npy,120
k,/home/dracdarktime/Documents/Maestria/Semestre_II/Aprendizaje_Maquina/Manos/LSM/Dataset/sequences/k/k_20260526_112545_126.npy,120
k,/home/dracdarktime/Documents/Maestria/Semestre_II/Aprendizaje_Maquina/Manos/LSM/Dataset/sequences/k/k_20260526_112556_747.npy,120
k,/home/dracdarktime/Documents/Maestria/Semestre_II/Aprendizaje_Maquina/Manos/LSM/Dataset/sequences/k/k_20260526_112607_961.npy,120
k,/home/dracdarktime/Documents/Maestria/Semestre_II/Aprendizaje_Maquina/Manos/LSM/Dataset/sequences/k/k_20260526_112619_690.npy,120
k,/home/dracdarktime/Documents/Maestria/Semestre_II/Aprendizaje_Maquina/Manos/LSM/Dataset/sequences/k/k_20260526_112631_428.npy,120
k,/home/dracdarktime/Documents/Maestria/Semestre_II/Aprendizaje_Maquina/Manos/LSM/Dataset/sequences/k/k_20260526_112642_850.npy,120
k,/home/dracdarktime/Documents/Maestria/Semestre_II/Aprendizaje_Maquina/Manos/LSM/Dataset/sequences/k/k_20260526_112654_783.npy,120
k,/home/dracdarktime/Documents/Maestria/Semestre_II/Aprendizaje_Maquina/Manos/LSM/Dataset/sequences/k/k_20260526_112706_254.npy,120
k,/home/dracdarktime/Documents/Maestria/Semestre_II/Aprendizaje_Maquina/Manos/LSM/Dataset/sequences/k/k_20260526_112718_140.npy,120
k,/home/dracdarktime/Documents/Maestria/Semestre_II/Aprendizaje_Maquina/Manos/LSM/Dataset/sequences/k/k_20260526_112729_751.npy,120
k,/home/dracdarktime/Documents/Maestria/Semestre_II/Aprendizaje_Maquina/Manos/LSM/Dataset/sequences/k/k_20260526_112741_722.npy,120
k,/home/dracdarktime/Documents/Maestria/Semestre_II/Aprendizaje_Maquina/Manos/LSM/Dataset/sequences/k/k_20260526_112753_562.npy,120
k,/home/dracdarktime/Documents/Maestria/Semestre_II/Aprendizaje_Maquina/Manos/LSM/Dataset/sequences/k/k_20260526_112805_314.npy,120
k,/home/dracdarktime/Documents/Maestria/Semestre_II/Aprendizaje_Maquina/Manos/LSM/Dataset/sequences/k/k_20260526_112817_393.npy,120
k,/home/dracdarktime/Documents/Maestria/Semestre_II/Aprendizaje_Maquina/Manos/LSM/Dataset/sequences/k/k_20260526_112942_605.npy,120
k,/home/dracdarktime/Documents/Maestria/Semestre_II/Aprendizaje_Maquina/Manos/LSM/Dataset/sequences/k/k_20260526_112954_084.npy,120
k,/home/dracdarktime/Documents/Maestria/Semestre_II/Aprendizaje_Maquina/Manos/LSM/Dataset/sequences/k/k_20260526_113005_279.npy,120
k,/home/dracdarktime/Documents/Maestria/Semestre_II/Aprendizaje_Maquina/Manos/LSM/Dataset/sequences/k/k_20260526_113016_925.npy,120
k,/home/dracdarktime/Documents/Maestria/Semestre_II/Aprendizaje_Maquina/Manos/LSM/Dataset/sequences/k/k_20260526_113028_902.npy,120
k,/home/dracdarktime/Documents/Maestria/Semestre_II/Aprendizaje_Maquina/Manos/LSM/Dataset/sequences/k/k_20260526_113040_076.npy,120
k,/home/dracdarktime/Documents/Maestria/Semestre_II/Aprendizaje_Maquina/Manos/LSM/Dataset/sequences/k/k_20260526_113051_509.npy,120
k,/home/dracdarktime/Documents/Maestria/Semestre_II/Aprendizaje_Maquina/Manos/LSM/Dataset/sequences/k/k_20260526_113102_925.npy,120
k,/home/dracdarktime/Documents/Maestria/Semestre_II/Aprendizaje_Maquina/Manos/LSM/Dataset/sequences/k/k_20260526_113114_510.npy,120
k,/home/dracdarktime/Documents/Maestria/Semestre_II/Aprendizaje_Maquina/Manos/LSM/Dataset/sequences/k/k_20260526_113126_523.npy,120
k,/home/dracdarktime/Documents/Maestria/Semestre_II/Aprendizaje_Maquina/Manos/LSM/Dataset/sequences/k/k_20260526_113137_896.npy,120
k,/home/dracdarktime/Documents/Maestria/Semestre_II/Aprendizaje_Maquina/Manos/LSM/Dataset/sequences/k/k_20260526_113149_907.npy,120
k,/home/dracdarktime/Documents/Maestria/Semestre_II/Aprendizaje_Maquina/Manos/LSM/Dataset/sequences/k/k_20260526_113201_777.npy,120
k,/home/dracdarktime/Documents/Maestria/Semestre_II/Aprendizaje_Maquina/Manos/LSM/Dataset/sequences/k/k_20260526_113213_921.npy,120
k,/home/dracdarktime/Documents/Maestria/Semestre_II/Aprendizaje_Maquina/Manos/LSM/Dataset/sequences/k/k_20260526_113225_694.npy,120
k,/home/dracdarktime/Documents/Maestria/Semestre_II/Aprendizaje_Maquina/Manos/LSM/Dataset/sequences/k/k_20260526_113238_123.npy,120
k,/home/dracdarktime/Documents/Maestria/Semestre_II/Aprendizaje_Maquina/Manos/LSM/Dataset/sequences/k/k_20260526_113250_767.npy,120
k,/home/dracdarktime/Documents/Maestria/Semestre_II/Aprendizaje_Maquina/Manos/LSM/Dataset/sequences/k/k_20260526_113303_142.npy,120
k,/home/dracdarktime/Documents/Maestria/Semestre_II/Aprendizaje_Maquina/Manos/LSM/Dataset/sequences/k/k_20260526_113315_301.npy,120
k,/home/dracdarktime/Documents/Maestria/Semestre_II/Aprendizaje_Maquina/Manos/LSM/Dataset/sequences/k/k_20260526_113326_000.npy,120
l,/home/dracdarktime/Documents/Maestria/Semestre_II/Aprendizaje_Maquina/Manos/LSM/Dataset/sequences/l/l_20260526_113527_044.npy,120
l,/home/dracdarktime/Documents/Maestria/Semestre_II/Aprendizaje_Maquina/Manos/LSM/Dataset/sequences/l/l_20260526_113538_150.npy,120
l,/home/dracdarktime/Documents/Maestria/Semestre_II/Aprendizaje_Maquina/Manos/LSM/Dataset/sequences/l/l_20260526_113549_234.npy,120
l,/home/dracdarktime/Documents/Maestria/Semestre_II/Aprendizaje_Maquina/Manos/LSM/Dataset/sequences/l/l_20260526_113600_414.npy,120
l,/home/dracdarktime/Documents/Maestria/Semestre_II/Aprendizaje_Maquina/Manos/LSM/Dataset/sequences/l/l_20260526_113611_661.npy,120
l,/home/dracdarktime/Documents/Maestria/Semestre_II/Aprendizaje_Maquina/Manos/LSM/Dataset/sequences/l/l_20260526_113623_207.npy,120
l,/home/dracdarktime/Documents/Maestria/Semestre_II/Aprendizaje_Maquina/Manos/LSM/Dataset/sequences/l/l_20260526_113634_583.npy,120
l,/home/dracdarktime/Documents/Maestria/Semestre_II/Aprendizaje_Maquina/Manos/LSM/Dataset/sequences/l/l_20260526_113646_058.npy,120
l,/home/dracdarktime/Documents/Maestria/Semestre_II/Aprendizaje_Maquina/Manos/LSM/Dataset/sequences/l/l_20260526_113657_555.npy,120
l,/home/dracdarktime/Documents/Maestria/Semestre_II/Aprendizaje_Maquina/Manos/LSM/Dataset/sequences/l/l_20260526_113709_055.npy,120
l,/home/dracdarktime/Documents/Maestria/Semestre_II/Aprendizaje_Maquina/Manos/LSM/Dataset/sequences/l/l_20260526_113720_597.npy,120
l,/home/dracdarktime/Documents/Maestria/Semestre_II/Aprendizaje_Maquina/Manos/LSM/Dataset/sequences/l/l_20260526_113732_083.npy,120
l,/home/dracdarktime/Documents/Maestria/Semestre_II/Aprendizaje_Maquina/Manos/LSM/Dataset/sequences/l/l_20260526_113743_587.npy,120
l,/home/dracdarktime/Documents/Maestria/Semestre_II/Aprendizaje_Maquina/Manos/LSM/Dataset/sequences/l/l_20260526_113755_088.npy,120
l,/home/dracdarktime/Documents/Maestria/Semestre_II/Aprendizaje_Maquina/Manos/LSM/Dataset/sequences/l/l_20260526_113806_517.npy,120
l,/home/dracdarktime/Documents/Maestria/Semestre_II/Aprendizaje_Maquina/Manos/LSM/Dataset/sequences/l/l_20260526_113817_905.npy,120
l,/home/dracdarktime/Documents/Maestria/Semestre_II/Aprendizaje_Maquina/Manos/LSM/Dataset/sequences/l/l_20260526_113829_343.npy,120
l,/home/dracdarktime/Documents/Maestria/Semestre_II/Aprendizaje_Maquina/Manos/LSM/Dataset/sequences/l/l_20260526_113840_764.npy,120
l,/home/dracdarktime/Documents/Maestria/Semestre_II/Aprendizaje_Maquina/Manos/LSM/Dataset/sequences/l/l_20260526_113852_114.npy,120
l,/home/dracdarktime/Documents/Maestria/Semestre_II/Aprendizaje_Maquina/Manos/LSM/Dataset/sequences/l/l_20260526_113903_433.npy,120
l,/home/dracdarktime/Documents/Maestria/Semestre_II/Aprendizaje_Maquina/Manos/LSM/Dataset/sequences/l/l_20260526_113957_337.npy,120
l,/home/dracdarktime/Documents/Maestria/Semestre_II/Aprendizaje_Maquina/Manos/LSM/Dataset/sequences/l/l_20260526_114008_935.npy,120
l,/home/dracdarktime/Documents/Maestria/Semestre_II/Aprendizaje_Maquina/Manos/LSM/Dataset/sequences/l/l_20260526_114020_609.npy,120
l,/home/dracdarktime/Documents/Maestria/Semestre_II/Aprendizaje_Maquina/Manos/LSM/Dataset/sequences/l/l_20260526_114032_148.npy,120
l,/home/dracdarktime/Documents/Maestria/Semestre_II/Aprendizaje_Maquina/Manos/LSM/Dataset/sequences/l/l_20260526_114043_824.npy,120
l,/home/dracdarktime/Documents/Maestria/Semestre_II/Aprendizaje_Maquina/Manos/LSM/Dataset/sequences/l/l_20260526_114055_027.npy,120
l,/home/dracdarktime/Documents/Maestria/Semestre_II/Aprendizaje_Maquina/Manos/LSM/Dataset/sequences/l/l_20260526_114106_107.npy,120
l,/home/dracdarktime/Documents/Maestria/Semestre_II/Aprendizaje_Maquina/Manos/LSM/Dataset/sequences/l/l_20260526_114116_999.npy,120
l,/home/dracdarktime/Documents/Maestria/Semestre_II/Aprendizaje_Maquina/Manos/LSM/Dataset/sequences/l/l_20260526_114128_061.npy,120
l,/home/dracdarktime/Documents/Maestria/Semestre_II/Aprendizaje_Maquina/Manos/LSM/Dataset/sequences/l/l_20260526_114139_074.npy,120
l,/home/dracdarktime/Documents/Maestria/Semestre_II/Aprendizaje_Maquina/Manos/LSM/Dataset/sequences/l/l_20260526_114149_971.npy,120
l,/home/dracdarktime/Documents/Maestria/Semestre_II/Aprendizaje_Maquina/Manos/LSM/Dataset/sequences/l/l_20260526_114201_053.npy,120
l,/home/dracdarktime/Documents/Maestria/Semestre_II/Aprendizaje_Maquina/Manos/LSM/Dataset/sequences/l/l_20260526_114212_181.npy,120
l,/home/dracdarktime/Documents/Maestria/Semestre_II/Aprendizaje_Maquina/Manos/LSM/Dataset/sequences/l/l_20260526_114258_253.npy,120
l,/home/dracdarktime/Documents/Maestria/Semestre_II/Aprendizaje_Maquina/Manos/LSM/Dataset/sequences/l/l_20260526_114309_206.npy,120
l,/home/dracdarktime/Documents/Maestria/Semestre_II/Aprendizaje_Maquina/Manos/LSM/Dataset/sequences/l/l_20260526_114320_215.npy,120
l,/home/dracdarktime/Documents/Maestria/Semestre_II/Aprendizaje_Maquina/Manos/LSM/Dataset/sequences/l/l_20260526_114331_554.npy,120
l,/home/dracdarktime/Documents/Maestria/Semestre_II/Aprendizaje_Maquina/Manos/LSM/Dataset/sequences/l/l_20260526_114342_448.npy,120
l,/home/dracdarktime/Documents/Maestria/Semestre_II/Aprendizaje_Maquina/Manos/LSM/Dataset/sequences/l/l_20260526_114353_456.npy,120
l,/home/dracdarktime/Documents/Maestria/Semestre_II/Aprendizaje_Maquina/Manos/LSM/Dataset/sequences/l/l_20260526_114521_584.npy,120
l,/home/dracdarktime/Documents/Maestria/Semestre_II/Aprendizaje_Maquina/Manos/LSM/Dataset/sequences/l/l_20260526_114532_496.npy,120
l,/home/dracdarktime/Documents/Maestria/Semestre_II/Aprendizaje_Maquina/Manos/LSM/Dataset/sequences/l/l_20260526_114543_450.npy,120
l,/home/dracdarktime/Documents/Maestria/Semestre_II/Aprendizaje_Maquina/Manos/LSM/Dataset/sequences/l/l_20260526_114554_275.npy,120
l,/home/dracdarktime/Documents/Maestria/Semestre_II/Aprendizaje_Maquina/Manos/LSM/Dataset/sequences/l/l_20260526_114605_198.npy,120
l,/home/dracdarktime/Documents/Maestria/Semestre_II/Aprendizaje_Maquina/Manos/LSM/Dataset/sequences/l/l_20260526_114616_128.npy,120
q,/home/dracdarktime/Documents/Maestria/Semestre_II/Aprendizaje_Maquina/Manos/LSM/Dataset/sequences/q/q_20260526_114823_089.npy,120
q,/home/dracdarktime/Documents/Maestria/Semestre_II/Aprendizaje_Maquina/Manos/LSM/Dataset/sequences/q/q_20260526_114834_044.npy,120
q,/home/dracdarktime/Documents/Maestria/Semestre_II/Aprendizaje_Maquina/Manos/LSM/Dataset/sequences/q/q_20260526_114844_963.npy,120
q,/home/dracdarktime/Documents/Maestria/Semestre_II/Aprendizaje_Maquina/Manos/LSM/Dataset/sequences/q/q_20260526_114855_917.npy,120
q,/home/dracdarktime/Documents/Maestria/Semestre_II/Aprendizaje_Maquina/Manos/LSM/Dataset/sequences/q/q_20260526_114907_060.npy,120
q,/home/dracdarktime/Documents/Maestria/Semestre_II/Aprendizaje_Maquina/Manos/LSM/Dataset/sequences/q/q_20260526_114917_987.npy,120
q,/home/dracdarktime/Documents/Maestria/Semestre_II/Aprendizaje_Maquina/Manos/LSM/Dataset/sequences/q/q_20260526_114929_110.npy,120
q,/home/dracdarktime/Documents/Maestria/Semestre_II/Aprendizaje_Maquina/Manos/LSM/Dataset/sequences/q/q_20260526_114940_120.npy,120
q,/home/dracdarktime/Documents/Maestria/Semestre_II/Aprendizaje_Maquina/Manos/LSM/Dataset/sequences/q/q_20260526_114951_143.npy,120
q,/home/dracdarktime/Documents/Maestria/Semestre_II/Aprendizaje_Maquina/Manos/LSM/Dataset/sequences/q/q_20260526_115002_193.npy,120
q,/home/dracdarktime/Documents/Maestria/Semestre_II/Aprendizaje_Maquina/Manos/LSM/Dataset/sequences/q/q_20260526_115013_397.npy,120
q,/home/dracdarktime/Documents/Maestria/Semestre_II/Aprendizaje_Maquina/Manos/LSM/Dataset/sequences/q/q_20260526_115024_415.npy,120
q,/home/dracdarktime/Documents/Maestria/Semestre_II/Aprendizaje_Maquina/Manos/LSM/Dataset/sequences/q/q_20260526_115035_422.npy,120
q,/home/dracdarktime/Documents/Maestria/Semestre_II/Aprendizaje_Maquina/Manos/LSM/Dataset/sequences/q/q_20260526_115046_428.npy,120
q,/home/dracdarktime/Documents/Maestria/Semestre_II/Aprendizaje_Maquina/Manos/LSM/Dataset/sequences/q/q_20260526_115057_414.npy,120
q,/home/dracdarktime/Documents/Maestria/Semestre_II/Aprendizaje_Maquina/Manos/LSM/Dataset/sequences/q/q_20260526_115108_484.npy,120
q,/home/dracdarktime/Documents/Maestria/Semestre_II/Aprendizaje_Maquina/Manos/LSM/Dataset/sequences/q/q_20260526_115119_531.npy,120
q,/home/dracdarktime/Documents/Maestria/Semestre_II/Aprendizaje_Maquina/Manos/LSM/Dataset/sequences/q/q_20260526_115130_617.npy,120
q,/home/dracdarktime/Documents/Maestria/Semestre_II/Aprendizaje_Maquina/Manos/LSM/Dataset/sequences/q/q_20260526_115141_668.npy,120
q,/home/dracdarktime/Documents/Maestria/Semestre_II/Aprendizaje_Maquina/Manos/LSM/Dataset/sequences/q/q_20260526_115152_770.npy,120
q,/home/dracdarktime/Documents/Maestria/Semestre_II/Aprendizaje_Maquina/Manos/LSM/Dataset/sequences/q/q_20260526_115438_144.npy,120
q,/home/dracdarktime/Documents/Maestria/Semestre_II/Aprendizaje_Maquina/Manos/LSM/Dataset/sequences/q/q_20260526_115448_812.npy,120
q,/home/dracdarktime/Documents/Maestria/Semestre_II/Aprendizaje_Maquina/Manos/LSM/Dataset/sequences/q/q_20260526_115459_576.npy,120
q,/home/dracdarktime/Documents/Maestria/Semestre_II/Aprendizaje_Maquina/Manos/LSM/Dataset/sequences/q/q_20260526_115510_349.npy,120
q,/home/dracdarktime/Documents/Maestria/Semestre_II/Aprendizaje_Maquina/Manos/LSM/Dataset/sequences/q/q_20260526_115521_263.npy,120
q,/home/dracdarktime/Documents/Maestria/Semestre_II/Aprendizaje_Maquina/Manos/LSM/Dataset/sequences/q/q_20260526_115532_216.npy,120
q,/home/dracdarktime/Documents/Maestria/Semestre_II/Aprendizaje_Maquina/Manos/LSM/Dataset/sequences/q/q_20260526_115543_039.npy,120
q,/home/dracdarktime/Documents/Maestria/Semestre_II/Aprendizaje_Maquina/Manos/LSM/Dataset/sequences/q/q_20260526_115553_981.npy,120
q,/home/dracdarktime/Documents/Maestria/Semestre_II/Aprendizaje_Maquina/Manos/LSM/Dataset/sequences/q/q_20260526_115604_814.npy,120
q,/home/dracdarktime/Documents/Maestria/Semestre_II/Aprendizaje_Maquina/Manos/LSM/Dataset/sequences/q/q_20260526_115615_629.npy,120
q,/home/dracdarktime/Documents/Maestria/Semestre_II/Aprendizaje_Maquina/Manos/LSM/Dataset/sequences/q/q_20260526_115737_997.npy,120
q,/home/dracdarktime/Documents/Maestria/Semestre_II/Aprendizaje_Maquina/Manos/LSM/Dataset/sequences/q/q_20260526_115748_846.npy,120
q,/home/dracdarktime/Documents/Maestria/Semestre_II/Aprendizaje_Maquina/Manos/LSM/Dataset/sequences/q/q_20260526_115759_778.npy,120
q,/home/dracdarktime/Documents/Maestria/Semestre_II/Aprendizaje_Maquina/Manos/LSM/Dataset/sequences/q/q_20260526_115810_674.npy,120
q,/home/dracdarktime/Documents/Maestria/Semestre_II/Aprendizaje_Maquina/Manos/LSM/Dataset/sequences/q/q_20260526_115821_517.npy,120
q,/home/dracdarktime/Documents/Maestria/Semestre_II/Aprendizaje_Maquina/Manos/LSM/Dataset/sequences/q/q_20260526_115832_188.npy,120
q,/home/dracdarktime/Documents/Maestria/Semestre_II/Aprendizaje_Maquina/Manos/LSM/Dataset/sequences/q/q_20260526_115843_123.npy,120
q,/home/dracdarktime/Documents/Maestria/Semestre_II/Aprendizaje_Maquina/Manos/LSM/Dataset/sequences/q/q_20260526_115853_842.npy,120
q,/home/dracdarktime/Documents/Maestria/Semestre_II/Aprendizaje_Maquina/Manos/LSM/Dataset/sequences/q/q_20260526_115904_647.npy,120
q,/home/dracdarktime/Documents/Maestria/Semestre_II/Aprendizaje_Maquina/Manos/LSM/Dataset/sequences/q/q_20260526_115915_541.npy,120
x,/home/dracdarktime/Documents/Maestria/Semestre_II/Aprendizaje_Maquina/Manos/LSM/Dataset/sequences/x/x_20260526_120019_485.npy,120
x,/home/dracdarktime/Documents/Maestria/Semestre_II/Aprendizaje_Maquina/Manos/LSM/Dataset/sequences/x/x_20260526_120030_474.npy,120
x,/home/dracdarktime/Documents/Maestria/Semestre_II/Aprendizaje_Maquina/Manos/LSM/Dataset/sequences/x/x_20260526_120041_598.npy,120
x,/home/dracdarktime/Documents/Maestria/Semestre_II/Aprendizaje_Maquina/Manos/LSM/Dataset/sequences/x/x_20260526_120052_748.npy,120
x,/home/dracdarktime/Documents/Maestria/Semestre_II/Aprendizaje_Maquina/Manos/LSM/Dataset/sequences/x/x_20260526_120103_837.npy,120
x,/home/dracdarktime/Documents/Maestria/Semestre_II/Aprendizaje_Maquina/Manos/LSM/Dataset/sequences/x/x_20260526_120114_851.npy,120
x,/home/dracdarktime/Documents/Maestria/Semestre_II/Aprendizaje_Maquina/Manos/LSM/Dataset/sequences/x/x_20260526_120125_951.npy,120
x,/home/dracdarktime/Documents/Maestria/Semestre_II/Aprendizaje_Maquina/Manos/LSM/Dataset/sequences/x/x_20260526_120137_038.npy,120
x,/home/dracdarktime/Documents/Maestria/Semestre_II/Aprendizaje_Maquina/Manos/LSM/Dataset/sequences/x/x_20260526_120148_035.npy,120
x,/home/dracdarktime/Documents/Maestria/Semestre_II/Aprendizaje_Maquina/Manos/LSM/Dataset/sequences/x/x_20260526_120158_910.npy,120
x,/home/dracdarktime/Documents/Maestria/Semestre_II/Aprendizaje_Maquina/Manos/LSM/Dataset/sequences/x/x_20260526_120209_991.npy,120
x,/home/dracdarktime/Documents/Maestria/Semestre_II/Aprendizaje_Maquina/Manos/LSM/Dataset/sequences/x/x_20260526_120321_991.npy,120
x,/home/dracdarktime/Documents/Maestria/Semestre_II/Aprendizaje_Maquina/Manos/LSM/Dataset/sequences/x/x_20260526_120333_024.npy,120
x,/home/dracdarktime/Documents/Maestria/Semestre_II/Aprendizaje_Maquina/Manos/LSM/Dataset/sequences/x/x_20260526_120344_156.npy,120
x,/home/dracdarktime/Documents/Maestria/Semestre_II/Aprendizaje_Maquina/Manos/LSM/Dataset/sequences/x/x_20260526_120355_306.npy,120
x,/home/dracdarktime/Documents/Maestria/Semestre_II/Aprendizaje_Maquina/Manos/LSM/Dataset/sequences/x/x_20260526_120406_245.npy,120
x,/home/dracdarktime/Documents/Maestria/Semestre_II/Aprendizaje_Maquina/Manos/LSM/Dataset/sequences/x/x_20260526_120506_631.npy,120
x,/home/dracdarktime/Documents/Maestria/Semestre_II/Aprendizaje_Maquina/Manos/LSM/Dataset/sequences/x/x_20260526_120517_652.npy,120
x,/home/dracdarktime/Documents/Maestria/Semestre_II/Aprendizaje_Maquina/Manos/LSM/Dataset/sequences/x/x_20260526_120528_820.npy,120
x,/home/dracdarktime/Documents/Maestria/Semestre_II/Aprendizaje_Maquina/Manos/LSM/Dataset/sequences/x/x_20260526_120539_866.npy,120
x,/home/dracdarktime/Documents/Maestria/Semestre_II/Aprendizaje_Maquina/Manos/LSM/Dataset/sequences/x/x_20260526_120550_976.npy,120
x,/home/dracdarktime/Documents/Maestria/Semestre_II/Aprendizaje_Maquina/Manos/LSM/Dataset/sequences/x/x_20260526_120643_704.npy,120
x,/home/dracdarktime/Documents/Maestria/Semestre_II/Aprendizaje_Maquina/Manos/LSM/Dataset/sequences/x/x_20260526_120954_967.npy,120
x,/home/dracdarktime/Documents/Maestria/Semestre_II/Aprendizaje_Maquina/Manos/LSM/Dataset/sequences/x/x_20260526_121006_095.npy,120
x,/home/dracdarktime/Documents/Maestria/Semestre_II/Aprendizaje_Maquina/Manos/LSM/Dataset/sequences/x/x_20260526_121017_049.npy,120
x,/home/dracdarktime/Documents/Maestria/Semestre_II/Aprendizaje_Maquina/Manos/LSM/Dataset/sequences/x/x_20260526_121041_343.npy,120
x,/home/dracdarktime/Documents/Maestria/Semestre_II/Aprendizaje_Maquina/Manos/LSM/Dataset/sequences/x/x_20260526_121052_344.npy,120
x,/home/dracdarktime/Documents/Maestria/Semestre_II/Aprendizaje_Maquina/Manos/LSM/Dataset/sequences/x/x_20260526_121103_439.npy,120
x,/home/dracdarktime/Documents/Maestria/Semestre_II/Aprendizaje_Maquina/Manos/LSM/Dataset/sequences/x/x_20260526_121114_381.npy,120
x,/home/dracdarktime/Documents/Maestria/Semestre_II/Aprendizaje_Maquina/Manos/LSM/Dataset/sequences/x/x_20260526_121125_527.npy,120
x,/home/dracdarktime/Documents/Maestria/Semestre_II/Aprendizaje_Maquina/Manos/LSM/Dataset/sequences/x/x_20260526_121136_733.npy,120
x,/home/dracdarktime/Documents/Maestria/Semestre_II/Aprendizaje_Maquina/Manos/LSM/Dataset/sequences/x/x_20260526_121314_504.npy,120
x,/home/dracdarktime/Documents/Maestria/Semestre_II/Aprendizaje_Maquina/Manos/LSM/Dataset/sequences/x/x_20260526_121344_484.npy,120
x,/home/dracdarktime/Documents/Maestria/Semestre_II/Aprendizaje_Maquina/Manos/LSM/Dataset/sequences/x/x_20260526_121355_538.npy,120
x,/home/dracdarktime/Documents/Maestria/Semestre_II/Aprendizaje_Maquina/Manos/LSM/Dataset/sequences/x/x_20260526_121406_642.npy,120
x,/home/dracdarktime/Documents/Maestria/Semestre_II/Aprendizaje_Maquina/Manos/LSM/Dataset/sequences/x/x_20260526_121417_765.npy,120
x,/home/dracdarktime/Documents/Maestria/Semestre_II/Aprendizaje_Maquina/Manos/LSM/Dataset/sequences/x/x_20260526_121428_847.npy,120
x,/home/dracdarktime/Documents/Maestria/Semestre_II/Aprendizaje_Maquina/Manos/LSM/Dataset/sequences/x/x_20260526_121439_947.npy,120
x,/home/dracdarktime/Documents/Maestria/Semestre_II/Aprendizaje_Maquina/Manos/LSM/Dataset/sequences/x/x_20260526_121451_006.npy,120
x,/home/dracdarktime/Documents/Maestria/Semestre_II/Aprendizaje_Maquina/Manos/LSM/Dataset/sequences/x/x_20260526_121550_498.npy,120
x,/home/dracdarktime/Documents/Maestria/Semestre_II/Aprendizaje_Maquina/Manos/LSM/Dataset/sequences/x/x_20260526_121601_478.npy,120
z,/home/dracdarktime/Documents/Maestria/Semestre_II/Aprendizaje_Maquina/Manos/LSM/Dataset/sequences/z/z_20260526_121732_755.npy,120
z,/home/dracdarktime/Documents/Maestria/Semestre_II/Aprendizaje_Maquina/Manos/LSM/Dataset/sequences/z/z_20260526_121743_488.npy,120
z,/home/dracdarktime/Documents/Maestria/Semestre_II/Aprendizaje_Maquina/Manos/LSM/Dataset/sequences/z/z_20260526_121754_414.npy,120
z,/home/dracdarktime/Documents/Maestria/Semestre_II/Aprendizaje_Maquina/Manos/LSM/Dataset/sequences/z/z_20260526_121805_283.npy,120
z,/home/dracdarktime/Documents/Maestria/Semestre_II/Aprendizaje_Maquina/Manos/LSM/Dataset/sequences/z/z_20260526_121816_146.npy,120
z,/home/dracdarktime/Documents/Maestria/Semestre_II/Aprendizaje_Maquina/Manos/LSM/Dataset/sequences/z/z_20260526_121827_054.npy,120
z,/home/dracdarktime/Documents/Maestria/Semestre_II/Aprendizaje_Maquina/Manos/LSM/Dataset/sequences/z/z_20260526_121838_014.npy,120
z,/home/dracdarktime/Documents/Maestria/Semestre_II/Aprendizaje_Maquina/Manos/LSM/Dataset/sequences/z/z_20260526_121848_889.npy,120
z,/home/dracdarktime/Documents/Maestria/Semestre_II/Aprendizaje_Maquina/Manos/LSM/Dataset/sequences/z/z_20260526_121859_849.npy,120
z,/home/dracdarktime/Documents/Maestria/Semestre_II/Aprendizaje_Maquina/Manos/LSM/Dataset/sequences/z/z_20260526_121910_555.npy,120
z,/home/dracdarktime/Documents/Maestria/Semestre_II/Aprendizaje_Maquina/Manos/LSM/Dataset/sequences/z/z_20260526_121921_525.npy,120
z,/home/dracdarktime/Documents/Maestria/Semestre_II/Aprendizaje_Maquina/Manos/LSM/Dataset/sequences/z/z_20260526_121932_438.npy,120
z,/home/dracdarktime/Documents/Maestria/Semestre_II/Aprendizaje_Maquina/Manos/LSM/Dataset/sequences/z/z_20260526_121943_345.npy,120
z,/home/dracdarktime/Documents/Maestria/Semestre_II/Aprendizaje_Maquina/Manos/LSM/Dataset/sequences/z/z_20260526_121954_383.npy,120
z,/home/dracdarktime/Documents/Maestria/Semestre_II/Aprendizaje_Maquina/Manos/LSM/Dataset/sequences/z/z_20260526_122005_299.npy,120
z,/home/dracdarktime/Documents/Maestria/Semestre_II/Aprendizaje_Maquina/Manos/LSM/Dataset/sequences/z/z_20260526_122016_187.npy,120
z,/home/dracdarktime/Documents/Maestria/Semestre_II/Aprendizaje_Maquina/Manos/LSM/Dataset/sequences/z/z_20260526_122027_157.npy,120
z,/home/dracdarktime/Documents/Maestria/Semestre_II/Aprendizaje_Maquina/Manos/LSM/Dataset/sequences/z/z_20260526_122037_963.npy,120
z,/home/dracdarktime/Documents/Maestria/Semestre_II/Aprendizaje_Maquina/Manos/LSM/Dataset/sequences/z/z_20260526_122048_826.npy,120
z,/home/dracdarktime/Documents/Maestria/Semestre_II/Aprendizaje_Maquina/Manos/LSM/Dataset/sequences/z/z_20260526_122059_764.npy,120
z,/home/dracdarktime/Documents/Maestria/Semestre_II/Aprendizaje_Maquina/Manos/LSM/Dataset/sequences/z/z_20260526_122157_076.npy,120
z,/home/dracdarktime/Documents/Maestria/Semestre_II/Aprendizaje_Maquina/Manos/LSM/Dataset/sequences/z/z_20260526_122207_909.npy,120
z,/home/dracdarktime/Documents/Maestria/Semestre_II/Aprendizaje_Maquina/Manos/LSM/Dataset/sequences/z/z_20260526_122218_666.npy,120
z,/home/dracdarktime/Documents/Maestria/Semestre_II/Aprendizaje_Maquina/Manos/LSM/Dataset/sequences/z/z_20260526_122229_503.npy,120
z,/home/dracdarktime/Documents/Maestria/Semestre_II/Aprendizaje_Maquina/Manos/LSM/Dataset/sequences/z/z_20260526_122240_401.npy,120
z,/home/dracdarktime/Documents/Maestria/Semestre_II/Aprendizaje_Maquina/Manos/LSM/Dataset/sequences/z/z_20260526_122527_915.npy,120
z,/home/dracdarktime/Documents/Maestria/Semestre_II/Aprendizaje_Maquina/Manos/LSM/Dataset/sequences/z/z_20260526_122538_582.npy,120
z,/home/dracdarktime/Documents/Maestria/Semestre_II/Aprendizaje_Maquina/Manos/LSM/Dataset/sequences/z/z_20260526_122549_480.npy,120
z,/home/dracdarktime/Documents/Maestria/Semestre_II/Aprendizaje_Maquina/Manos/LSM/Dataset/sequences/z/z_20260526_122600_527.npy,120
z,/home/dracdarktime/Documents/Maestria/Semestre_II/Aprendizaje_Maquina/Manos/LSM/Dataset/sequences/z/z_20260526_122618_334.npy,120
z,/home/dracdarktime/Documents/Maestria/Semestre_II/Aprendizaje_Maquina/Manos/LSM/Dataset/sequences/z/z_20260526_122629_025.npy,120
z,/home/dracdarktime/Documents/Maestria/Semestre_II/Aprendizaje_Maquina/Manos/LSM/Dataset/sequences/z/z_20260526_122707_930.npy,120
z,/home/dracdarktime/Documents/Maestria/Semestre_II/Aprendizaje_Maquina/Manos/LSM/Dataset/sequences/z/z_20260526_122816_659.npy,120
z,/home/dracdarktime/Documents/Maestria/Semestre_II/Aprendizaje_Maquina/Manos/LSM/Dataset/sequences/z/z_20260526_122827_558.npy,120
z,/home/dracdarktime/Documents/Maestria/Semestre_II/Aprendizaje_Maquina/Manos/LSM/Dataset/sequences/z/z_20260526_122948_488.npy,120
z,/home/dracdarktime/Documents/Maestria/Semestre_II/Aprendizaje_Maquina/Manos/LSM/Dataset/sequences/z/z_20260526_122959_473.npy,120
z,/home/dracdarktime/Documents/Maestria/Semestre_II/Aprendizaje_Maquina/Manos/LSM/Dataset/sequences/z/z_20260526_123010_398.npy,120
z,/home/dracdarktime/Documents/Maestria/Semestre_II/Aprendizaje_Maquina/Manos/LSM/Dataset/sequences/z/z_20260526_123021_305.npy,120
z,/home/dracdarktime/Documents/Maestria/Semestre_II/Aprendizaje_Maquina/Manos/LSM/Dataset/sequences/z/z_20260526_123032_531.npy,120
z,/home/dracdarktime/Documents/Maestria/Semestre_II/Aprendizaje_Maquina/Manos/LSM/Dataset/sequences/z/z_20260526_123043_632.npy,120
z,/home/dracdarktime/Documents/Maestria/Semestre_II/Aprendizaje_Maquina/Manos/LSM/Dataset/sequences/z/z_20260526_123054_644.npy,120
z,/home/dracdarktime/Documents/Maestria/Semestre_II/Aprendizaje_Maquina/Manos/LSM/Dataset/sequences/z/z_20260526_123105_708.npy,120
hola,/home/dracdarktime/Documents/Maestria/Semestre_II/Aprendizaje_Maquina/Manos/LSM/Dataset/sequences/hola/hola_20260526_123849_454.npy,120
hola,/home/dracdarktime/Documents/Maestria/Semestre_II/Aprendizaje_Maquina/Manos/LSM/Dataset/sequences/hola/hola_20260526_123900_137.npy,120
hola,/home/dracdarktime/Documents/Maestria/Semestre_II/Aprendizaje_Maquina/Manos/LSM/Dataset/sequences/hola/hola_20260526_123910_980.npy,120
hola,/home/dracdarktime/Documents/Maestria/Semestre_II/Aprendizaje_Maquina/Manos/LSM/Dataset/sequences/hola/hola_20260526_123921_712.npy,120
hola,/home/dracdarktime/Documents/Maestria/Semestre_II/Aprendizaje_Maquina/Manos/LSM/Dataset/sequences/hola/hola_20260526_123932_369.npy,120
hola,/home/dracdarktime/Documents/Maestria/Semestre_II/Aprendizaje_Maquina/Manos/LSM/Dataset/sequences/hola/hola_20260526_123943_124.npy,120
hola,/home/dracdarktime/Documents/Maestria/Semestre_II/Aprendizaje_Maquina/Manos/LSM/Dataset/sequences/hola/hola_20260526_123953_976.npy,120
hola,/home/dracdarktime/Documents/Maestria/Semestre_II/Aprendizaje_Maquina/Manos/LSM/Dataset/sequences/hola/hola_20260526_124004_841.npy,120
hola,/home/dracdarktime/Documents/Maestria/Semestre_II/Aprendizaje_Maquina/Manos/LSM/Dataset/sequences/hola/hola_20260526_124015_797.npy,120
hola,/home/dracdarktime/Documents/Maestria/Semestre_II/Aprendizaje_Maquina/Manos/LSM/Dataset/sequences/hola/hola_20260526_124026_691.npy,120
hola,/home/dracdarktime/Documents/Maestria/Semestre_II/Aprendizaje_Maquina/Manos/LSM/Dataset/sequences/hola/hola_20260526_124037_614.npy,120
hola,/home/dracdarktime/Documents/Maestria/Semestre_II/Aprendizaje_Maquina/Manos/LSM/Dataset/sequences/hola/hola_20260526_124048_581.npy,120
hola,/home/dracdarktime/Documents/Maestria/Semestre_II/Aprendizaje_Maquina/Manos/LSM/Dataset/sequences/hola/hola_20260526_124059_523.npy,120
hola,/home/dracdarktime/Documents/Maestria/Semestre_II/Aprendizaje_Maquina/Manos/LSM/Dataset/sequences/hola/hola_20260526_124110_389.npy,120
hola,/home/dracdarktime/Documents/Maestria/Semestre_II/Aprendizaje_Maquina/Manos/LSM/Dataset/sequences/hola/hola_20260526_124121_214.npy,120
hola,/home/dracdarktime/Documents/Maestria/Semestre_II/Aprendizaje_Maquina/Manos/LSM/Dataset/sequences/hola/hola_20260526_124131_999.npy,120
hola,/home/dracdarktime/Documents/Maestria/Semestre_II/Aprendizaje_Maquina/Manos/LSM/Dataset/sequences/hola/hola_20260526_124143_022.npy,120
hola,/home/dracdarktime/Documents/Maestria/Semestre_II/Aprendizaje_Maquina/Manos/LSM/Dataset/sequences/hola/hola_20260526_124153_935.npy,120
hola,/home/dracdarktime/Documents/Maestria/Semestre_II/Aprendizaje_Maquina/Manos/LSM/Dataset/sequences/hola/hola_20260526_124204_816.npy,120
hola,/home/dracdarktime/Documents/Maestria/Semestre_II/Aprendizaje_Maquina/Manos/LSM/Dataset/sequences/hola/hola_20260526_124215_809.npy,120
hola,/home/dracdarktime/Documents/Maestria/Semestre_II/Aprendizaje_Maquina/Manos/LSM/Dataset/sequences/hola/hola_20260526_124226_574.npy,120
hola,/home/dracdarktime/Documents/Maestria/Semestre_II/Aprendizaje_Maquina/Manos/LSM/Dataset/sequences/hola/hola_20260526_124249_337.npy,120
hola,/home/dracdarktime/Documents/Maestria/Semestre_II/Aprendizaje_Maquina/Manos/LSM/Dataset/sequences/hola/hola_20260526_124300_271.npy,120
hola,/home/dracdarktime/Documents/Maestria/Semestre_II/Aprendizaje_Maquina/Manos/LSM/Dataset/sequences/hola/hola_20260526_124310_664.npy,120
hola,/home/dracdarktime/Documents/Maestria/Semestre_II/Aprendizaje_Maquina/Manos/LSM/Dataset/sequences/hola/hola_20260526_124321_579.npy,120
hola,/home/dracdarktime/Documents/Maestria/Semestre_II/Aprendizaje_Maquina/Manos/LSM/Dataset/sequences/hola/hola_20260526_124332_134.npy,120
hola,/home/dracdarktime/Documents/Maestria/Semestre_II/Aprendizaje_Maquina/Manos/LSM/Dataset/sequences/hola/hola_20260526_124343_060.npy,120
hola,/home/dracdarktime/Documents/Maestria/Semestre_II/Aprendizaje_Maquina/Manos/LSM/Dataset/sequences/hola/hola_20260526_124353_936.npy,120
hola,/home/dracdarktime/Documents/Maestria/Semestre_II/Aprendizaje_Maquina/Manos/LSM/Dataset/sequences/hola/hola_20260526_124404_458.npy,120
hola,/home/dracdarktime/Documents/Maestria/Semestre_II/Aprendizaje_Maquina/Manos/LSM/Dataset/sequences/hola/hola_20260526_124415_445.npy,120
hola,/home/dracdarktime/Documents/Maestria/Semestre_II/Aprendizaje_Maquina/Manos/LSM/Dataset/sequences/hola/hola_20260526_124426_361.npy,120
hola,/home/dracdarktime/Documents/Maestria/Semestre_II/Aprendizaje_Maquina/Manos/LSM/Dataset/sequences/hola/hola_20260526_124437_136.npy,120
hola,/home/dracdarktime/Documents/Maestria/Semestre_II/Aprendizaje_Maquina/Manos/LSM/Dataset/sequences/hola/hola_20260526_124448_172.npy,120
hola,/home/dracdarktime/Documents/Maestria/Semestre_II/Aprendizaje_Maquina/Manos/LSM/Dataset/sequences/hola/hola_20260526_124459_074.npy,120
hola,/home/dracdarktime/Documents/Maestria/Semestre_II/Aprendizaje_Maquina/Manos/LSM/Dataset/sequences/hola/hola_20260526_124509_958.npy,120
hola,/home/dracdarktime/Documents/Maestria/Semestre_II/Aprendizaje_Maquina/Manos/LSM/Dataset/sequences/hola/hola_20260526_124520_781.npy,120
hola,/home/dracdarktime/Documents/Maestria/Semestre_II/Aprendizaje_Maquina/Manos/LSM/Dataset/sequences/hola/hola_20260526_124531_852.npy,120
hola,/home/dracdarktime/Documents/Maestria/Semestre_II/Aprendizaje_Maquina/Manos/LSM/Dataset/sequences/hola/hola_20260526_124542_960.npy,120
hola,/home/dracdarktime/Documents/Maestria/Semestre_II/Aprendizaje_Maquina/Manos/LSM/Dataset/sequences/hola/hola_20260526_124553_976.npy,120
hola,/home/dracdarktime/Documents/Maestria/Semestre_II/Aprendizaje_Maquina/Manos/LSM/Dataset/sequences/hola/hola_20260526_124604_756.npy,120
hola,/home/dracdarktime/Documents/Maestria/Semestre_II/Aprendizaje_Maquina/Manos/LSM/Dataset/sequences/hola/hola_20260526_124615_651.npy,120
hola,/home/dracdarktime/Documents/Maestria/Semestre_II/Aprendizaje_Maquina/Manos/LSM/Dataset/sequences/hola/hola_20260526_124717_434.npy,120
hola,/home/dracdarktime/Documents/Maestria/Semestre_II/Aprendizaje_Maquina/Manos/LSM/Dataset/sequences/hola/hola_20260526_124728_491.npy,120
hola,/home/dracdarktime/Documents/Maestria/Semestre_II/Aprendizaje_Maquina/Manos/LSM/Dataset/sequences/hola/hola_20260526_124739_384.npy,120
hola,/home/dracdarktime/Documents/Maestria/Semestre_II/Aprendizaje_Maquina/Manos/LSM/Dataset/sequences/hola/hola_20260526_124750_368.npy,120
hola,/home/dracdarktime/Documents/Maestria/Semestre_II/Aprendizaje_Maquina/Manos/LSM/Dataset/sequences/hola/hola_20260526_124801_419.npy,120
hola,/home/dracdarktime/Documents/Maestria/Semestre_II/Aprendizaje_Maquina/Manos/LSM/Dataset/sequences/hola/hola_20260526_124812_359.npy,120
hola,/home/dracdarktime/Documents/Maestria/Semestre_II/Aprendizaje_Maquina/Manos/LSM/Dataset/sequences/hola/hola_20260526_124823_368.npy,120
hola,/home/dracdarktime/Documents/Maestria/Semestre_II/Aprendizaje_Maquina/Manos/LSM/Dataset/sequences/hola/hola_20260526_124834_265.npy,120
hola,/home/dracdarktime/Documents/Maestria/Semestre_II/Aprendizaje_Maquina/Manos/LSM/Dataset/sequences/hola/hola_20260526_124845_209.npy,120
hola,/home/dracdarktime/Documents/Maestria/Semestre_II/Aprendizaje_Maquina/Manos/LSM/Dataset/sequences/hola/hola_20260526_124856_278.npy,120
hola,/home/dracdarktime/Documents/Maestria/Semestre_II/Aprendizaje_Maquina/Manos/LSM/Dataset/sequences/hola/hola_20260526_124907_266.npy,120
hola,/home/dracdarktime/Documents/Maestria/Semestre_II/Aprendizaje_Maquina/Manos/LSM/Dataset/sequences/hola/hola_20260526_124918_181.npy,120
hola,/home/dracdarktime/Documents/Maestria/Semestre_II/Aprendizaje_Maquina/Manos/LSM/Dataset/sequences/hola/hola_20260526_124928_001.npy,120
hola,/home/dracdarktime/Documents/Maestria/Semestre_II/Aprendizaje_Maquina/Manos/LSM/Dataset/sequences/hola/hola_20260526_124939_940.npy,120
hola,/home/dracdarktime/Documents/Maestria/Semestre_II/Aprendizaje_Maquina/Manos/LSM/Dataset/sequences/hola/hola_20260526_124951_011.npy,120
hola,/home/dracdarktime/Documents/Maestria/Semestre_II/Aprendizaje_Maquina/Manos/LSM/Dataset/sequences/hola/hola_20260526_125002_009.npy,120
hola,/home/dracdarktime/Documents/Maestria/Semestre_II/Aprendizaje_Maquina/Manos/LSM/Dataset/sequences/hola/hola_20260526_125012_939.npy,120
hola,/home/dracdarktime/Documents/Maestria/Semestre_II/Aprendizaje_Maquina/Manos/LSM/Dataset/sequences/hola/hola_20260526_125023_851.npy,120
hola,/home/dracdarktime/Documents/Maestria/Semestre_II/Aprendizaje_Maquina/Manos/LSM/Dataset/sequences/hola/hola_20260526_125034_697.npy,120
hola,/home/dracdarktime/Documents/Maestria/Semestre_II/Aprendizaje_Maquina/Manos/LSM/Dataset/sequences/hola/hola_20260526_125045_644.npy,120
hola,/home/dracdarktime/Documents/Maestria/Semestre_II/Aprendizaje_Maquina/Manos/LSM/Dataset/sequences/hola/hola_20260526_125056_684.npy,120
hola,/home/dracdarktime/Documents/Maestria/Semestre_II/Aprendizaje_Maquina/Manos/LSM/Dataset/sequences/hola/hola_20260526_125107_783.npy,120
hola,/home/dracdarktime/Documents/Maestria/Semestre_II/Aprendizaje_Maquina/Manos/LSM/Dataset/sequences/hola/hola_20260526_125118_836.npy,120
hola,/home/dracdarktime/Documents/Maestria/Semestre_II/Aprendizaje_Maquina/Manos/LSM/Dataset/sequences/hola/hola_20260526_125129_776.npy,120
hola,/home/dracdarktime/Documents/Maestria/Semestre_II/Aprendizaje_Maquina/Manos/LSM/Dataset/sequences/hola/hola_20260526_125321_582.npy,120
hola,/home/dracdarktime/Documents/Maestria/Semestre_II/Aprendizaje_Maquina/Manos/LSM/Dataset/sequences/hola/hola_20260526_125407_176.npy,120
hola,/home/dracdarktime/Documents/Maestria/Semestre_II/Aprendizaje_Maquina/Manos/LSM/Dataset/sequences/hola/hola_20260526_125418_226.npy,120
hola,/home/dracdarktime/Documents/Maestria/Semestre_II/Aprendizaje_Maquina/Manos/LSM/Dataset/sequences/hola/hola_20260526_125429_352.npy,120
hola,/home/dracdarktime/Documents/Maestria/Semestre_II/Aprendizaje_Maquina/Manos/LSM/Dataset/sequences/hola/hola_20260526_125440_477.npy,120
hola,/home/dracdarktime/Documents/Maestria/Semestre_II/Aprendizaje_Maquina/Manos/LSM/Dataset/sequences/hola/hola_20260526_125451_571.npy,120
hola,/home/dracdarktime/Documents/Maestria/Semestre_II/Aprendizaje_Maquina/Manos/LSM/Dataset/sequences/hola/hola_20260526_125502_614.npy,120
hola,/home/dracdarktime/Documents/Maestria/Semestre_II/Aprendizaje_Maquina/Manos/LSM/Dataset/sequences/hola/hola_20260526_125513_543.npy,120
hola,/home/dracdarktime/Documents/Maestria/Semestre_II/Aprendizaje_Maquina/Manos/LSM/Dataset/sequences/hola/hola_20260526_125524_628.npy,120
hola,/home/dracdarktime/Documents/Maestria/Semestre_II/Aprendizaje_Maquina/Manos/LSM/Dataset/sequences/hola/hola_20260526_125535_672.npy,120
hola,/home/dracdarktime/Documents/Maestria/Semestre_II/Aprendizaje_Maquina/Manos/LSM/Dataset/sequences/hola/hola_20260526_125546_746.npy,120
hola,/home/dracdarktime/Documents/Maestria/Semestre_II/Aprendizaje_Maquina/Manos/LSM/Dataset/sequences/hola/hola_20260526_125557_689.npy,120
hola,/home/dracdarktime/Documents/Maestria/Semestre_II/Aprendizaje_Maquina/Manos/LSM/Dataset/sequences/hola/hola_20260526_125608_728.npy,120
hola,/home/dracdarktime/Documents/Maestria/Semestre_II/Aprendizaje_Maquina/Manos/LSM/Dataset/sequences/hola/hola_20260526_125619_775.npy,120
hola,/home/dracdarktime/Documents/Maestria/Semestre_II/Aprendizaje_Maquina/Manos/LSM/Dataset/sequences/hola/hola_20260526_125630_848.npy,120
